anno_index,coord_x,coord_y,coord_z,diameter,nodule_chance,diameter_mm
0,0.5882,0.5882,0.6747,0.0552,0.8632000088691711,9.3774995803833
1,0.6588,0.5882,0.6747,0.0462,0.8097000122070312,7.855199813842773
2,0.5882,0.5882,0.747,0.0313,0.7717000246047974,5.325799942016602
3,0.6588,0.5882,0.747,0.0337,0.7398999929428101,5.722899913787842
4,0.5882,0.6588,0.747,0.0257,0.6959999799728394,4.362400054931641
