anno_index,coord_x,coord_y,coord_z,diameter,nodule_chance,diameter_mm
0,0.5991,0.7577,0.6154,0.0194,0.7639999985694885,4.405099868774414
1,0.5991,0.8106,0.6154,0.0283,0.906499981880188,6.424099922180176
2,0.652,0.8106,0.6154,0.0145,0.6980000138282776,3.281100034713745
3,0.5991,0.5991,0.724,0.0195,0.6103000044822693,4.429100036621094
